День Святого Валентина,5.7,1080p,"Мелодрами , Комедія",/uploads/mini/mainpics/c7/05768c0d5f739e233b5cf01cf50426.jpg
3 детективи і таємниця острова скелетів,5.7,BD-Rip,"Пригоди , Детективи , Сімейні",/uploads/mini/mainpics/f6/0a185f036978b598a560b6b5b5b763.jpg
8 жінок,7.0,1080p,"Мелодрами , Комедія , Детективи , Кримінал , Трилери , Музичні",/uploads/mini/mainpics/c1/7e453d12c490943a6a6a593e3fe052.jpg
І високо на дереві вмостившись /,6.3,BD-Rip,Комедія,/uploads/mini/mainpics/12/6da3d3643d9ed8593a9e9081f68c10.jpg
Улюбленці долі / Вибір долі,6.8,HD 720p,"Комедія , Пригоди , Музичні",/uploads/mini/mainpics/15/6cc1f78108bd2c502e4eaf0403f2f2.jpg
Маленькі жінки,7.2,BD-Rip,"Мелодрами , Драми , Сімейні , Субтитровані фільми",/uploads/mini/mainpics/70/d87d8dc0c4ae31e0e4b2b0def61fed.jpg
Мільйони,6.8,BD-Rip,"Комедія , Драми , Кримінал , Сімейні",/uploads/mini/mainpics/49/0bddb256aaf2cad0543a55e4404bff.jpg
Життя в рожевому кольорі,7.6,1080p,"Мелодрами , Драми , Музичні , Біографія",/uploads/mini/mainpics/b2/aba716b78279153437125d96558a6a.jpg
Ґрінберґ / Грінберг,6.2,HD 720p,"Мелодрами , Комедія , Драми",/uploads/mini/mainpics/bd/effa6b89ffbae58dc4001c59d34360.jpg
Загін 10 з Наварон,6.4,HD 720p,"Екшн , Пригоди , Військові , Драми , Трилери",/uploads/mini/mainpics/64/8e92e56065825c87c27915316a77c1.jpg
